id,label,weight,generate_batches-20-for _ in range(int(n,generate_batches-22-if end + min_batch_s,generate_batches-26-if start < n:,generate_batches-32-if n != 3:,generate_batches-35-try:,generate_batches-31-n = len(arr),generate_batches-24-yield slice(start  e,generate_batches-21-end = start + batch_,generate_batches-30-arr = xml_parser.xml,generate_batches-25-start = end,generate_batches-27-yield slice(start  n,generate_batches-36-list(gen_batches(arr,generate_batches-19-start = 0
1,1,100,101,100,1,1,1,1,100,100,1,100,0,1,1
2,1,100,101,100,1,1,1,1,100,100,1,100,0,1,1
3,2,100,100000,99999,1,1,1,1,99999,99999,1,99999,1,1,1
4,1,100,101,100,1,1,1,1,100,100,1,100,0,1,1
5,2,100,100000,99999,1,1,1,1,99999,99999,1,99999,1,1,1
6,2,100,100000,99999,1,1,1,1,99999,99999,1,99999,1,1,1
7,2,100,100000,99999,1,1,1,1,99999,99999,1,99999,1,1,1
8,2,100,100000,99999,1,1,1,1,99999,99999,1,99999,1,1,1
9,1,100,101,100,1,1,1,1,100,100,1,100,0,1,1
10,2,100,100000,99999,1,1,1,1,99999,99999,1,99999,1,1,1
11,1,100,1000,999,1,1,1,1,999,999,1,999,1,1,1
12,2,100,100000,99999,1,1,1,1,99999,99999,1,99999,1,1,1
13,2,100,100000,99999,1,1,1,1,99999,99999,1,99999,1,1,1
14,1,100,51,50,1,1,1,1,50,50,1,50,0,1,1
15,2,100,100000,99999,1,1,1,1,99999,99999,1,99999,1,1,1
16,1,100,101,100,1,1,1,1,100,100,1,100,0,1,1
17,2,100,100000,99999,1,1,1,1,99999,99999,1,99999,1,1,1
18,2,100,100000,99999,1,1,1,1,99999,99999,1,99999,1,1,1
19,2,100,100000,99999,1,1,1,1,99999,99999,1,99999,1,1,1
20,1,100,1000,999,1,1,1,1,999,999,1,999,1,1,1